#chrom	chromStart	chromEnd	name	class	valid	func	weight
chr1	201338093	201338094	rs138017551	single	by-cluster,by-1000genomes	intron	1
chr1	201338106	201338107	rs16848462	single	by-cluster,by-frequency,by-hapmap,by-1000genomes	intron	1
chr1	201338135	201338136	rs376260510	single	unknown	intron	1
chr1	201338193	201338194	rs7418546	single	by-hapmap	intron	1
chr1	201338208	201338209	rs142685699	single	by-1000genomes	intron	1
chr1	201338419	201338420	rs78089383	single	by-frequency,by-1000genomes	intron	1
chr1	201338424	201338425	rs373338099	single	unknown	intron	1
chr1	201338436	201338437	rs116145699	single	by-frequency,by-1000genomes	intron	1
chr1	201338486	201338487	rs181991985	single	by-cluster,by-1000genomes	intron	1
chr1	201338525	201338526	rs75861653	single	by-cluster,by-frequency,by-1000genomes	intron	1
chr1	201338552	201338553	rs10800776	single	by-cluster,by-frequency,by-2hit-2allele,by-hapmap,by-1000genomes	intron	1
chr1	201338576	201338577	rs116640473	single	by-frequency,by-1000genomes	intron	1
chr1	201338585	201338586	rs10920183	single	by-cluster,by-frequency,by-2hit-2allele,by-hapmap,by-1000genomes	intron	1
chr1	201338679	201338680	rs12048667	single	by-hapmap	intron	1
chr1	201338687	201338688	rs138252592	single	by-1000genomes	intron	1
chr1	201338753	201338753	rs5780081	insertion	unknown	intron	1
chr1	201338790	201338791	rs4465242	single	unknown	intron	1
chr1	201338792	201338793	rs4341386	single	unknown	intron	1
chr1	201338829	201338830	rs186532995	single	by-1000genomes	intron	1
chr1	201338863	201338863	rs5780080	insertion	unknown	intron	1
chr1	201338895	201338896	rs10920184	single	by-cluster,by-frequency,by-2hit-2allele,by-hapmap,by-1000genomes	intron	1
chr1	201338924	201338925	rs368794635	single	unknown	intron	1
chr1	201338931	201338932	rs374628194	single	unknown	intron	1
chr1	201338943	201338944	rs377474357	single	unknown	intron,missense	1
chr1	201338956	201338957	rs370895664	single	unknown	coding-synon,intron	1
chr1	201338975	201338976	rs200153031	deletion	by-cluster,by-1000genomes	intron	1
chr1	201338980	201338981	rs115805892	single	by-cluster,by-frequency,by-1000genomes	intron	1
chr1	201338983	201338984	rs376561727	single	unknown	intron	1
chr1	201338993	201338994	rs370335515	single	unknown	intron	1
chr1	201338997	201338998	rs373732232	single	unknown	intron	1
chr1	201338998	201338999	rs367841210	single	unknown	intron	1
chr1	201339010	201339011	rs372135440	single	by-cluster	intron	1
chr1	201339025	201339026	rs142754430	single	by-cluster,by-1000genomes	intron	1
chr1	201339042	201339043	rs12049476	single	by-cluster,by-frequency,by-2hit-2allele,by-1000genomes	intron	1
chr1	201339043	201339044	rs45584633	single	by-cluster,by-1000genomes	intron	1
chr1	201339099	201339100	rs144310163	single	by-1000genomes	intron	1
chr1	201339137	201339137	rs34582564	insertion	unknown	intron	1
chr1	201339144	201339145	rs113074422	single	by-frequency	intron	1
chr1	201339188	201339189	rs148911823	deletion	by-cluster,by-1000genomes	intron	1
chr1	201339239	201339240	rs190980371	single	by-1000genomes	intron	1
chr1	201339249	201339250	rs148744224	single	by-cluster,by-1000genomes	intron	1
chr1	201339379	201339380	rs1419276	single	by-cluster,by-frequency,by-2hit-2allele,by-hapmap,by-1000genomes	intron	1
chr1	201339406	201339407	rs376508450	single	unknown	intron	1
chr1	201339515	201339516	rs182453178	single	by-1000genomes	intron	1
chr1	201339579	201339580	rs185943219	single	by-1000genomes	intron	1
chr1	201339591	201339592	rs116244041	single	by-cluster,by-frequency,by-1000genomes	intron	1
chr1	201339606	201339607	rs369808094	single	unknown	intron	1
chr1	201339614	201339615	rs191438454	single	by-1000genomes	intron	1
chr1	201339616	201339617	rs182809409	single	by-1000genomes	intron	1
chr1	201339682	201339683	rs188742050	single	by-1000genomes	intron	1
chr1	201339696	201339697	rs141446479	single	by-1000genomes	intron	1
chr1	201339784	201339785	rs150881607	single	by-cluster,by-1000genomes	intron	1
chr1	201339852	201339853	rs139342901	single	by-1000genomes	intron	1
chr1	201339864	201339864	rs35580862	insertion	unknown	intron	1
chr1	201339914	201339915	rs192209494	single	by-1000genomes	intron	1
chr1	201339924	201339924	rs35176847	insertion	unknown	intron	1
chr1	201339965	201339966	rs182832649	single	by-1000genomes	intron	1
chr1	201339978	201339979	rs187913983	single	by-1000genomes	intron	1
chr1	201340103	201340104	rs73076656	single	by-cluster,by-frequency,by-1000genomes	intron	1
chr1	201340128	201340129	rs145687894	single	by-1000genomes	intron	1
chr1	201340200	201340201	rs12567686	single	by-cluster,by-frequency,by-hapmap,by-1000genomes	intron	1
chr1	201340241	201340242	rs36109722	deletion	unknown	intron	1
chr1	201340250	201340251	rs147740589	single	by-cluster,by-1000genomes	intron	1
chr1	201340306	201340306	rs149812965	insertion	by-cluster,by-1000genomes	intron	1
chr1	201340307	201340307	rs372203189	in-del	by-cluster	intron	1
chr1	201340378	201340379	rs140348628	single	by-1000genomes	intron	1
chr1	201340459	201340460	rs144207877	single	by-1000genomes	intron	1
chr1	201340495	201340496	rs4915240	single	by-cluster,by-frequency,by-2hit-2allele,by-1000genomes	intron	1
chr1	201340496	201340497	rs145440270	single	by-1000genomes	intron	1
chr1	201340506	201340507	rs374626451	single	by-cluster	intron	1
chr1	201340551	201340552	rs75295833	single	by-cluster,by-frequency,by-1000genomes	intron	1
chr1	201340584	201340585	rs148855085	single	by-1000genomes	intron	1
chr1	201340653	201340654	rs192470896	single	by-1000genomes	intron	1
chr1	201340776	201340777	rs6683905	single	by-hapmap	intron	1
chr1	201340777	201340785	rs77200863	deletion	by-cluster	intron	1
chr1	201340812	201340813	rs6427901	single	by-cluster,by-frequency,by-2hit-2allele,by-hapmap,by-1000genomes	intron	1
chr1	201340833	201340834	rs114576011	single	by-cluster,by-frequency,by-1000genomes	intron	1
chr1	201340914	201340915	rs115156877	single	by-cluster,by-frequency,by-1000genomes	intron	1
chr1	201340922	201340923	rs112173328	single	by-frequency,by-1000genomes	intron	1
chr1	201340965	201340966	rs150991558	single	by-1000genomes	intron	1
chr1	201340968	201340969	rs140992355	single	by-1000genomes	intron	1
chr1	201340983	201340984	rs375627895	single	unknown	intron	1
chr1	201341057	201341058	rs45514004	single	by-cluster,by-frequency,by-1000genomes	intron	1
chr1	201341142	201341143	rs138757060	single	by-cluster,by-1000genomes	intron	1
chr1	201341145	201341146	rs201839711	single	by-1000genomes	intron	1
chr1	201341175	201341180	rs45533739	deletion	by-cluster,by-1000genomes	intron	1
chr1	201341179	201341184	rs4019985	deletion	unknown	intron	1
chr1	201341180	201341181	rs77173830	single	by-cluster	intron	1
chr1	201341181	201341182	rs77556864	single	by-cluster	intron	1
chr1	201341190	201341191	rs141800807	single	by-cluster,by-1000genomes	intron	1
chr1	201341200	201341201	rs368759514	single	unknown	intron	1
chr1	201341212	201341213	rs372057416	single	unknown	intron	1
chr1	201341215	201341216	rs45553832	single	by-cluster,by-1000genomes	intron	1
chr1	201341224	201341225	rs45582534	single	by-cluster,by-frequency,by-1000genomes	intron	1
chr1	201341226	201341227	rs371269031	single	unknown	intron	1
chr1	201341244	201341245	rs184482362	single	by-cluster,by-1000genomes	intron	1
chr1	201341256	201341257	rs372210580	single	unknown	intron	1
chr1	201341259	201341260	rs376820377	single	unknown	intron	1
chr1	201341260	201341261	rs199865577	single	by-cluster	intron	1
chr1	201341265	201341266	rs374443596	single	unknown	intron	1
chr1	201341302	201341303	rs45561443	single	by-cluster,by-frequency,by-1000genomes	intron	1
chr1	201341326	201341327	rs369999184	single	unknown	intron	1
chr1	201341340	201341341	rs868407	single	by-cluster,by-frequency,by-2hit-2allele,by-hapmap,by-1000genomes	intron	1
chr1	201341347	201341348	rs369133191	single	unknown	intron	1
chr1	201341378	201341379	rs45586136	single	by-cluster,by-frequency,by-1000genomes	intron	1
chr1	201341689	201341692	rs371174450	deletion	unknown	intron	1
chr1	201341774	201341775	rs189004061	single	by-cluster,by-1000genomes	intron	1
chr1	201341796	201341797	rs149382462	single	by-1000genomes	intron	1
chr1	201341849	201341850	rs6663175	single	by-cluster,by-frequency,by-2hit-2allele,by-hapmap,by-1000genomes	intron	1
chr1	201341882	201341883	rs112537968	single	unknown	intron	1
chr1	201341915	201341916	rs192948551	single	by-1000genomes	intron	1
chr1	201342132	201342133	rs184643162	single	by-1000genomes	intron	1
chr1	201342143	201342144	rs111308363	single	unknown	intron	1
chr1	201342235	201342236	rs144720141	single	by-1000genomes	intron	1
chr1	201342243	201342244	rs201238141	single	unknown	intron	1
chr1	201342249	201342249	rs35869584	insertion	unknown	intron	1
chr1	201342258	201342259	rs188602527	single	by-1000genomes	intron	1
chr1	201342266	201342267	rs10920185	single	by-cluster,by-frequency,by-hapmap,by-1000genomes	intron	1
chr1	201342296	201342297	rs200822703	single	by-1000genomes	intron	1
chr1	201342297	201342298	rs376221743	single	by-cluster	intron	1
chr1	201342299	201342300	rs181717966	single	by-cluster,by-1000genomes	intron	1
chr1	201342300	201342301	rs45548233	single	by-cluster,by-1000genomes	intron	1
chr1	201342325	201342326	rs370729174	single	unknown	intron	1
chr1	201342338	201342339	rs113899929	single	by-cluster	intron	1
chr1	201342339	201342340	rs111271291	single	by-cluster	splice-5	1
chr1	201342349	201342350	rs148027842	single	unknown	coding-synon	1
chr1	201342372	201342373	rs139705141	single	unknown	missense	1
chr1	201342392	201342393	rs201831895	single	by-cluster	untranslated-5	1
chr1	201342446	201342447	rs377579139	single	unknown	intron,untranslated-5	1
chr1	201342536	201342537	rs34280312	deletion	unknown	intron	1
chr1	201342555	201342556	rs10920186	single	by-cluster,by-frequency,by-1000genomes	intron	1
chr1	201342559	201342560	rs12567382	single	by-cluster,by-frequency,by-2hit-2allele,by-hapmap,by-1000genomes	intron	1
chr1	201342578	201342579	rs189638433	single	by-1000genomes	intron	1
chr1	201342586	201342587	rs112714064	single	unknown	intron	1
chr1	201342596	201342597	rs45535342	single	by-cluster,by-frequency,by-1000genomes	intron	1
chr1	201342630	201342631	rs79534927	single	by-1000genomes	intron	1
chr1	201342655	201342656	rs12568262	single	by-cluster,by-frequency,by-hapmap,by-1000genomes	intron	1
chr1	201342759	201342760	rs181931581	single	by-cluster,by-1000genomes	intron	1
chr1	201342861	201342862	rs1539693	single	by-cluster,by-frequency,by-2hit-2allele,by-1000genomes	intron	1
chr1	201342873	201342874	rs369377641	single	unknown	intron	1
chr1	201342990	201342991	rs3020557	single	by-cluster,by-frequency,by-1000genomes	intron	1
chr1	201343060	201343061	rs186126804	single	by-1000genomes	intron	1
chr1	201343067	201343068	rs141034597	single	by-1000genomes	intron	1
chr1	201343081	201343082	rs116432528	single	by-cluster,by-frequency,by-1000genomes	intron	1
chr1	201343114	201343115	rs3020556	single	by-cluster,by-frequency,by-hapmap,by-1000genomes	intron	1
chr1	201343115	201343116	rs190667990	single	by-1000genomes	intron	1
chr1	201343119	201343120	rs142440262	single	by-1000genomes	intron	1
chr1	201343149	201343150	rs151149569	single	by-1000genomes	intron	1
chr1	201343169	201343170	rs139013837	single	by-1000genomes	intron	1
chr1	201343264	201343265	rs375784729	single	unknown	intron	1
chr1	201343308	201343309	rs182738498	single	by-1000genomes	intron	1
chr1	201343311	201343312	rs56126027	single	by-cluster,by-frequency,by-1000genomes	intron	1
chr1	201343327	201343328	rs61820016	single	by-cluster,by-frequency,by-1000genomes	intron	1
chr1	201343343	201343344	rs56982832	single	by-cluster,by-frequency,by-1000genomes	intron	1
chr1	201343364	201343365	rs59982007	single	by-cluster,by-frequency,by-1000genomes	intron	1
chr1	201343395	201343396	rs200868763	single	unknown	intron	1
chr1	201343397	201343398	rs202155459	single	unknown	intron	1
chr1	201343398	201343398	rs60951162	insertion	by-cluster,by-1000genomes	intron	1
chr1	201343574	201343575	rs186495705	single	by-1000genomes	intron	1
chr1	201343637	201343638	rs2996494	single	by-cluster,by-frequency,by-hapmap,by-1000genomes	intron	1
chr1	201343650	201343651	rs2996493	single	by-cluster,by-frequency,by-hapmap,by-1000genomes	intron	1
chr1	201343653	201343654	rs113236409	single	by-cluster,by-frequency,by-1000genomes	intron	1
chr1	201343656	201343657	rs2996492	single	by-cluster,by-frequency,by-hapmap,by-1000genomes	intron	1
chr1	201343772	201343773	rs73076669	single	by-cluster,by-frequency,by-1000genomes	intron	1
chr1	201343849	201343850	rs190067133	single	by-1000genomes	intron	1
chr1	201343928	201343929	rs149914239	single	by-1000genomes	intron	1
chr1	201344002	201344003	rs16848481	single	by-cluster,by-frequency,by-hapmap,by-1000genomes	intron	1
chr1	201344020	201344021	rs2953842	single	by-hapmap	intron	1
chr1	201344133	201344134	rs12566896	single	by-cluster,by-frequency,by-hapmap,by-1000genomes	intron	1
chr1	201344142	201344143	rs368358860	single	unknown	intron	1
chr1	201344172	201344173	rs79176420	single	by-frequency,by-1000genomes	intron	1
chr1	201344184	201344185	rs183040092	single	by-1000genomes	intron	1
chr1	201344306	201344307	rs60086234	single	by-cluster,by-frequency,by-1000genomes	intron	1
chr1	201344360	201344361	rs73076673	single	by-cluster,by-frequency,by-1000genomes	intron	1
chr1	201344369	201344370	rs74136606	single	by-cluster,by-frequency,by-1000genomes	intron	1
chr1	201344381	201344382	rs187203254	single	by-1000genomes	intron	1
chr1	201344404	201344405	rs144942365	single	by-1000genomes	intron	1
chr1	201344478	201344479	rs190920966	single	by-1000genomes	intron	1
chr1	201344486	201344487	rs75826050	single	by-cluster,by-1000genomes	intron	1
chr1	201344529	201344530	rs371625474	single	unknown	intron	1
chr1	201344585	201344586	rs79833614	single	by-cluster,by-1000genomes	intron	1
chr1	201344620	201344621	rs12568802	single	by-cluster,by-frequency,by-hapmap,by-1000genomes	intron	1
chr1	201344623	201344623	rs35332160	insertion	unknown	intron	1
chr1	201344627	201344628	rs75330179	single	by-cluster,by-frequency,by-1000genomes	intron	1
chr1	201344645	201344646	rs12563097	single	by-cluster,by-frequency,by-2hit-2allele,by-hapmap,by-1000genomes	intron	1
chr1	201344648	201344649	rs61820017	single	unknown	intron	1
chr1	201344770	201344771	rs141059066	single	by-1000genomes	intron	1
chr1	201344845	201344846	rs114047009	single	by-cluster,by-frequency,by-1000genomes	intron	1
chr1	201344907	201344908	rs12563114	single	by-cluster,by-frequency,by-hapmap,by-1000genomes	intron	1
chr1	201344984	201344985	rs183693508	single	by-1000genomes	intron	1
chr1	201345021	201345022	rs187961498	single	by-1000genomes	intron	1
chr1	201345041	201345042	rs12568177	single	by-cluster,by-frequency,by-hapmap,by-1000genomes	intron	1
chr1	201345043	201345044	rs373211666	single	unknown	intron	1
chr1	201345071	201345072	rs12564416	single	by-cluster,by-frequency,by-hapmap,by-1000genomes	intron	1
chr1	201345103	201345104	rs368693162	single	unknown	intron	1
chr1	201345169	201345170	rs192437322	single	by-1000genomes	intron	1
chr1	201345203	201345204	rs947486	single	by-cluster,by-frequency,by-2hit-2allele,by-hapmap,by-1000genomes	intron	1
chr1	201345206	201345207	rs115799308	single	by-frequency,by-1000genomes	intron	1
chr1	201345247	201345248	rs144779598	single	by-1000genomes	intron	1
chr1	201345304	201345305	rs12031426	single	unknown	intron	1
chr1	201345322	201345323	rs146713556	single	by-1000genomes	intron	1
chr1	201345351	201345352	rs947485	single	by-cluster,by-frequency,by-2hit-2allele,by-hapmap,by-1000genomes	intron	1
chr1	201345386	201345387	rs376410866	single	unknown	intron	1
chr1	201345395	201345396	rs34225239	deletion	unknown	intron	1
chr1	201345452	201345453	rs79428841	single	by-frequency,by-1000genomes	intron	1
chr1	201345453	201345454	rs184419761	single	by-1000genomes	intron	1
chr1	201345486	201345487	rs12564445	single	by-cluster,by-frequency,by-2hit-2allele,by-hapmap,by-1000genomes	intron	1
chr1	201345567	201345568	rs140421227	single	by-1000genomes	intron	1
chr1	201345614	201345615	rs187327598	single	by-1000genomes	intron	1
chr1	201345632	201345633	rs191774180	single	by-cluster,by-1000genomes	intron	1
chr1	201345673	201345674	rs370107272	single	unknown	intron	1
chr1	201345679	201345680	rs184546959	single	by-1000genomes	intron	1
chr1	201345944	201345945	rs80148998	single	by-cluster,by-frequency,by-1000genomes	intron	1
chr1	201345989	201345990	rs368944022	deletion	unknown	intron	1
chr1	201346029	201346030	rs377559830	single	unknown	intron	1
chr1	201346061	201346062	rs148305580	single	by-1000genomes	intron	1
chr1	201346228	201346229	rs12036092	single	by-frequency,by-hapmap,by-1000genomes	intron	1
chr1	201346647	201346648	rs371083477	single	unknown	intron	1
chr1	201346748	201346749	rs111883327	single	by-cluster	splice-5	1
chr1	201346821	201346822	rs45590943	single	unknown	untranslated-5	1
chr1	201346839	201346840	rs45608033	single	unknown	near-gene-5	1
chr1	201346840	201346841	rs45489699	single	by-cluster,by-frequency,by-1000genomes	near-gene-5	1
chr1	201346902	201346903	rs375431196	single	unknown	near-gene-5	1
chr1	201346913	201346914	rs45625732	single	unknown	near-gene-5	1
chr1	201346920	201346921	rs145666112	single	unknown	near-gene-5	1
chr1	201347047	201347048	rs45529540	single	by-cluster,by-frequency,by-1000genomes	near-gene-5	1
chr1	201347061	201347062	rs45607537	single	unknown	near-gene-5	1
chr1	201347127	201347128	rs377186398	single	unknown	near-gene-5	1
chr1	201347171	201347171	rs368217792	in-del	unknown	near-gene-5	1
chr1	201347266	201347267	rs138400701	single	by-1000genomes	near-gene-5	1
chr1	201347310	201347311	rs143893491	single	by-cluster,by-1000genomes	near-gene-5	1
chr1	201347314	201347315	rs2799686	single	by-cluster,by-frequency,by-hapmap,by-1000genomes	near-gene-5	1
chr1	201347326	201347327	rs370070109	single	unknown	near-gene-5	1
chr1	201347346	201347347	rs188915902	single	by-cluster,by-1000genomes	near-gene-5	1
chr1	201347370	201347371	rs182452743	single	by-1000genomes	near-gene-5	1
chr1	201347393	201347394	rs185661763	single	by-1000genomes	near-gene-5	1
chr1	201347426	201347427	rs147304093	single	by-cluster,by-1000genomes	near-gene-5	1
chr1	201347506	201347507	rs59541087	single	by-cluster,by-frequency,by-1000genomes	near-gene-5	1
chr1	201347549	201347550	rs139218252	single	by-1000genomes	near-gene-5	1
chr1	201347599	201347600	rs149438637	single	by-cluster,by-1000genomes	near-gene-5	1
chr1	201347622	201347623	rs144831494	single	by-cluster,by-1000genomes	near-gene-5	1
chr1	201347650	201347651	rs372586875	single	unknown	near-gene-5	1
chr1	201347661	201347662	rs116601775	single	by-frequency,by-1000genomes	near-gene-5	1
chr1	201347881	201347882	rs112619303	single	by-cluster,by-frequency,by-1000genomes	near-gene-5	1
chr1	201347895	201347896	rs75445231	single	by-cluster,by-1000genomes	near-gene-5	1
chr1	201347945	201347946	rs4915232	single	by-cluster,by-frequency,by-2hit-2allele,by-hapmap,by-1000genomes	near-gene-5	1
chr1	201347951	201347952	rs79037164	single	by-cluster,by-frequency,by-1000genomes	near-gene-5	1
chr1	201348031	201348032	rs80061222	single	by-cluster,by-frequency,by-1000genomes	near-gene-5	1
chr1	201348042	201348043	rs2799687	single	by-cluster,by-frequency,by-2hit-2allele,by-hapmap,by-1000genomes	near-gene-5	1
chr1	201348042	201348045	rs71582056	mnp	unknown	cds-indel	1
chr1	201348044	201348045	rs2799688	single	by-cluster,by-2hit-2allele,by-hapmap,by-1000genomes	near-gene-5	1
chr1	201348053	201348054	rs145923084	single	by-cluster,by-1000genomes	near-gene-5	1
chr1	201348179	201348180	rs190567582	single	by-1000genomes	near-gene-5	1
chr1	201348244	201348245	rs2799689	single	by-cluster,by-frequency,by-2hit-2allele,by-hapmap,by-1000genomes	near-gene-5	1
chr1	201348247	201348248	rs2799690	single	by-cluster,by-frequency,by-2hit-2allele,by-hapmap,by-1000genomes	near-gene-5	1
chr1	201348261	201348262	rs946638	single	by-cluster,by-2hit-2allele,by-hapmap,by-1000genomes	near-gene-5	1
chr1	201348261	201348263	rs71493200	mnp	unknown	near-gene-5	1
chr1	201348262	201348263	rs946639	single	by-cluster,by-frequency,by-2hit-2allele,by-hapmap,by-1000genomes	near-gene-5	1
chr1	201348292	201348293	rs369636040	single	unknown	near-gene-5	1
chr1	201348307	201348308	rs371362116	single	unknown	near-gene-5	1
chr1	201348321	201348322	rs181034868	single	by-1000genomes	near-gene-5	1
chr1	201348322	201348323	rs139869728	single	by-1000genomes	near-gene-5	1
chr1	201348342	201348343	rs2799691	single	by-cluster,by-frequency,by-2hit-2allele,by-hapmap,by-1000genomes	near-gene-5	1
chr1	201348360	201348361	rs143233792	single	by-cluster,by-1000genomes	near-gene-5	1
chr1	201348434	201348434	rs139337997	insertion	by-cluster,by-1000genomes	near-gene-5	1
chr1	201348435	201348435	rs371389887	in-del	unknown	near-gene-5	1
chr1	201348439	201348439	rs71666352	insertion	unknown	near-gene-5	1
chr1	201348583	201348584	rs116704072	single	by-frequency,by-1000genomes	near-gene-5	1
chr1	201348635	201348636	rs76215035	single	by-cluster,by-frequency,by-1000genomes	near-gene-5	1
chr1	201348636	201348637	rs146731920	single	by-1000genomes	near-gene-5	1
chr1	201348638	201348639	rs376395827	single	unknown	near-gene-5	1
chr1	201348656	201348657	rs12048442	single	by-hapmap	near-gene-5	1
chr1	201348671	201348672	rs116685607	single	by-cluster,by-frequency,by-1000genomes	near-gene-5	1
chr1	201348738	201348739	rs185064059	single	by-cluster,by-1000genomes	near-gene-5	1
chr1	201348764	201348764	rs36072734	insertion	by-cluster,by-1000genomes	near-gene-5	1
chr1	201348773	201348774	rs61587553	deletion	by-cluster	near-gene-5	1
chr1	201348865	201348866	rs149965573	single	by-1000genomes	unknown	1
chr1	201348930	201348931	rs75831506	single	by-frequency,by-1000genomes	unknown	1
chr1	201348984	201348985	rs373709894	single	unknown	unknown	1
chr1	201349023	201349024	rs12035254	single	by-cluster,by-frequency,by-hapmap,by-1000genomes	unknown	1
chr1	201349027	201349028	rs145079804	single	by-1000genomes	unknown	1
chr1	201349042	201349043	rs377482303	single	unknown	unknown	1
chr1	201349133	201349134	rs370518866	single	unknown	unknown	1
chr1	201349208	201349208	rs367870661	in-del	unknown	unknown	1
chr1	201349257	201349258	rs12035335	single	by-cluster,by-frequency,by-hapmap,by-1000genomes	unknown	1
chr1	201349268	201349269	rs149825713	single	unknown	unknown	1
chr1	201349379	201349380	rs371025869	single	unknown	unknown	1
chr1	201349517	201349518	rs148940673	single	by-1000genomes	near-gene-3	1
chr1	201349567	201349568	rs115931076	single	by-frequency,by-1000genomes	near-gene-3	1
chr1	201349571	201349572	rs374684241	deletion	unknown	near-gene-3	1
chr1	201349615	201349616	rs6679578	single	by-cluster,by-2hit-2allele,by-1000genomes	near-gene-3	1
chr1	201349669	201349670	rs57628212	single	by-cluster,by-frequency,by-1000genomes	near-gene-3	1
chr1	201349723	201349724	rs181046563	single	by-1000genomes	near-gene-3	1
chr1	201349724	201349725	rs6703957	single	by-cluster,by-frequency,by-2hit-2allele,by-hapmap,by-1000genomes	near-gene-3	1
chr1	201349740	201349741	rs78719385	single	by-cluster,by-frequency,by-1000genomes	near-gene-3	1
chr1	201349841	201349842	rs375703318	single	unknown	near-gene-3	1
chr1	201349913	201349914	rs45463993	single	by-cluster,by-1000genomes	near-gene-3	1
chr1	201349931	201349932	rs371804363	single	unknown	near-gene-3	1
chr1	201349989	201349990	rs185919354	single	by-cluster,by-1000genomes	untranslated-3	1
chr1	201349995	201349995	rs370930535	in-del	unknown	untranslated-3	1
chr1	201350027	201350028	rs191477066	single	by-1000genomes	untranslated-3	1
chr1	201350081	201350082	rs16848493	single	by-cluster,by-frequency,by-hapmap,by-1000genomes	untranslated-3	1
chr1	201350151	201350152	rs143661914	single	by-cluster,by-1000genomes	untranslated-3	1
chr1	201350315	201350316	rs371720479	single	unknown	untranslated-3	1
chr1	201350416	201350417	rs34525008	deletion	unknown	untranslated-3	1
chr1	201350497	201350498	rs1128326	single	unknown	untranslated-3	1
chr1	201350499	201350500	rs183584549	single	by-1000genomes	untranslated-3	1
chr1	201350519	201350520	rs41305056	single	by-cluster,by-frequency,by-1000genomes	untranslated-3	1
chr1	201350532	201350533	rs12078963	single	by-cluster,by-frequency,by-hapmap,by-1000genomes	untranslated-3	1
chr1	201350665	201350666	rs10920187	single	by-cluster,by-frequency,by-hapmap,by-1000genomes	untranslated-3	1
chr1	201350672	201350673	rs3767523	single	by-cluster,by-frequency,by-hapmap,by-1000genomes	untranslated-3	1
chr1	201350806	201350807	rs146507168	single	by-1000genomes	untranslated-3	1
chr1	201350875	201350875	rs34160165	insertion	unknown	untranslated-3	1
chr1	201350901	201350902	rs1071586	single	by-hapmap	untranslated-3	1
chr1	201350905	201350906	rs1071585	single	by-hapmap	untranslated-3	1
chr1	201350968	201350969	rs375919340	single	unknown	untranslated-3	1
chr1	201350982	201350983	rs16848494	single	by-cluster,by-frequency,by-hapmap,by-1000genomes	untranslated-3	1
chr1	201351006	201351007	rs374204005	single	unknown	untranslated-3	1
chr1	201351007	201351008	rs368718244	single	unknown	untranslated-3	1
chr1	201351012	201351013	rs11539494	single	unknown	untranslated-3	1
chr1	201351023	201351024	rs371385797	single	unknown	intron	1
chr1	201351029	201351030	rs1110441	single	by-hapmap	intron	1
chr1	201351056	201351057	rs374582610	single	unknown	intron	1
chr1	201351079	201351080	rs139280328	single	by-cluster,by-1000genomes	intron	1
chr1	201351098	201351099	rs375548025	single	unknown	intron	1
chr1	201351190	201351191	rs188925950	single	by-1000genomes	intron	1
chr1	201351278	201351279	rs369465333	single	unknown	intron	1
chr1	201351312	201351313	rs113808877	single	by-cluster,by-frequency,by-1000genomes	intron	1
chr1	201351328	201351329	rs368378738	single	unknown	intron	1
chr1	201351335	201351336	rs199943144	single	by-cluster,by-1000genomes	intron	1
chr1	201351336	201351337	rs111489399	single	by-cluster,by-frequency,by-1000genomes	intron	1
chr1	201351337	201351338	rs368123612	single	unknown	intron	1
chr1	201351338	201351339	rs201865399	single	by-1000genomes	intron	1
chr1	201351347	201351348	rs367910499	single	unknown	intron	1
chr1	201351349	201351350	rs371455967	single	unknown	intron	1
chr1	201351350	201351351	rs201012610	single	by-cluster,by-1000genomes	intron	1
chr1	201351376	201351377	rs369916004	single	unknown	intron	1
chr1	201351384	201351385	rs147538720	single	by-cluster,by-frequency,by-1000genomes	missense	1
chr1	201351420	201351421	rs2275866	single	by-cluster,by-frequency,by-hapmap,by-1000genomes	missense	1
chr1	201351422	201351423	rs148760811	single	by-cluster	missense	1
chr1	201351428	201351429	rs11539495	single	unknown	missense	1
chr1	201351432	201351433	rs201995851	single	by-cluster	missense	1
chr1	201351441	201351442	rs201831898	single	by-cluster,by-1000genomes	missense	1
chr1	201351451	201351452	rs201418734	single	by-1000genomes	coding-synon	1
chr1	201351499	201351500	rs369632455	single	unknown	intron	1
chr1	201351509	201351510	rs371866347	single	unknown	intron	1
chr1	201351557	201351558	rs114518974	single	by-frequency,by-1000genomes	intron	1
chr1	201351589	201351590	rs115096817	single	by-cluster,by-frequency,by-1000genomes	intron	1
chr1	201351638	201351639	rs150917720	single	by-1000genomes	intron	1
chr1	201351643	201351644	rs138328922	single	by-1000genomes	intron	1
chr1	201351644	201351644	rs3831363	insertion	unknown	intron	1
chr1	201351652	201351653	rs149629666	single	by-cluster,by-1000genomes	intron	1
chr1	201351764	201351765	rs201931317	single	unknown	intron	1
chr1	201351769	201351770	rs373058452	single	unknown	intron	1
chr1	201351786	201351787	rs139797888	single	by-cluster,by-1000genomes	missense	1
chr1	201351915	201351916	rs369793822	single	unknown	intron	1
chr1	201352001	201352001	rs35796636	insertion	unknown	intron	1
chr1	201352079	201352080	rs72737636	single	by-cluster,by-frequency,by-1000genomes	intron	1
chr1	201352091	201352095	rs71958431	deletion	by-cluster,by-1000genomes	intron	1
chr1	201352097	201352098	rs59925995	in-del	unknown	intron	1
chr1	201352107	201352109	rs1318038	single	unknown	intron	1
chr1	201352151	201352152	rs373395920	single	unknown	intron	1
chr1	201352154	201352155	rs377363215	single	unknown	intron	1
chr1	201352168	201352169	rs200454031	single	by-1000genomes	intron	1
chr1	201352205	201352206	rs115025356	single	by-cluster,by-frequency,by-1000genomes	missense	1
chr1	201352206	201352207	rs376027886	single	unknown	missense	1
chr1	201352231	201352232	rs140808550	single	unknown	missense	1
chr1	201352238	201352239	rs140432313	single	unknown	missense	1
chr1	201352262	201352263	rs199664903	single	by-1000genomes	missense	1
chr1	201352274	201352275	rs369349393	single	unknown	missense	1
chr1	201352290	201352291	rs116931058	single	by-cluster,by-frequency,by-1000genomes	missense	1
chr1	201352316	201352317	rs372635622	single	unknown	missense	1
chr1	201352321	201352322	rs201909245	single	by-cluster,by-1000genomes	coding-synon,missense	1
chr1	201352342	201352343	rs370180772	single	unknown	intron	1
chr1	201352361	201352362	rs375636267	single	unknown	intron	1
chr1	201352379	201352380	rs377710688	single	unknown	intron	1
chr1	201352381	201352382	rs371040870	single	unknown	intron	1
chr1	201352394	201352395	rs200667130	single	by-cluster,by-1000genomes	intron	1
chr1	201352407	201352408	rs368028925	single	unknown	intron	1
chr1	201352417	201352418	rs376207243	single	unknown	intron	1
chr1	201352449	201352450	rs200121332	single	by-1000genomes	missense	1
chr1	201352508	201352509	rs200504362	single	by-frequency	missense	1
chr1	201352511	201352512	rs192262447	single	by-cluster,by-1000genomes	missense	1
chr1	201352541	201352542	rs371956834	single	unknown	intron	1
chr1	201352542	201352543	rs201567598	single	by-cluster,by-1000genomes	intron	1
chr1	201352561	201352562	rs200780279	single	by-cluster,by-1000genomes	intron	1
chr1	201352590	201352591	rs182761616	single	by-1000genomes	intron	1
chr1	201352608	201352609	rs372931228	single	unknown	intron	1
chr1	201352623	201352624	rs186612889	single	by-1000genomes	intron	1
chr1	201352641	201352642	rs112090790	single	by-cluster,by-frequency,by-1000genomes	intron	1
chr1	201352689	201352690	rs142614377	single	by-1000genomes	intron	1
chr1	201352690	201352691	rs150973880	single	by-1000genomes	intron	1
chr1	201352740	201352741	rs377140203	single	unknown	intron	1
chr1	201352749	201352750	rs114033900	single	by-frequency,by-1000genomes	intron	1
chr1	201352804	201352805	rs112813892	single	by-cluster,by-frequency,by-1000genomes	intron	1
chr1	201352867	201352868	rs374634131	single	unknown	intron	1
chr1	201352896	201352897	rs367631562	single	unknown	intron	1
chr1	201352983	201352984	rs117981584	single	by-frequency,by-1000genomes	intron	1
